corpus	words	glyph	glyph_char	count	per1k	OPEN	CLOSE	MIDWORD	ISOLATED
Tech_Advance__amo_reg	168384	DQUOTE_STRAIGHT	"	3449	20.483	1737	128	7	1577
Tech_Advance__amo_reg	168384	APOS_STRAIGHT	'	670	3.979	324	42	40	264
Tech_Advance__amo_reg	168384	BACKTICK	`	1	0.006	0	0	0	1
Tech_Advance__bbm_reg	157162	DQUOTE_STRAIGHT	"	2	0.013	0	2	0	0
Tech_Advance__bbm_reg	157162	APOS_STRAIGHT	'	71	0.452	38	1	2	30
Tech_Advance__bbm_reg	157162	LDQUO	“	721	4.588	720	0	0	1
Tech_Advance__bbm_reg	157162	RDQUO	”	620	3.945	0	22	0	598
Tech_Advance__bbm_reg	157162	LAQUO	«	3	0.019	3	0	0	0
Tech_Advance__bbm_reg	157162	RAQUO	»	1	0.006	0	0	0	1
Tech_Advance__bsj_reg	153402	DQUOTE_STRAIGHT	"	18	0.117	0	9	0	9
Tech_Advance__bsj_reg	153402	APOS_STRAIGHT	'	381	2.484	0	7	373	1
Tech_Advance__bsj_reg	153402	LSQUO	‘	26	0.169	26	0	0	0
Tech_Advance__bsj_reg	153402	RSQUO	’	29	0.189	0	6	0	23
Tech_Advance__bsj_reg	153402	LDQUO	“	797	5.195	796	0	0	1
Tech_Advance__bsj_reg	153402	RDQUO	”	704	4.589	0	139	0	565
Tech_Advance__bsj_reg	153402	BACKTICK	`	1	0.007	0	1	0	0
Tech_Advance__ema-x-emai_reg	177039	DQUOTE_STRAIGHT	"	3289	18.578	1760	219	1	1309
Tech_Advance__ema-x-emai_reg	177039	APOS_STRAIGHT	'	3970	22.424	853	211	2807	99
Tech_Advance__ema-x-emai_reg	177039	BACKTICK	`	1	0.006	0	0	0	1
Tech_Advance__gux-x-gourmantche_reg	493999	DQUOTE_STRAIGHT	"	3368	6.818	1844	147	0	1377
Tech_Advance__gux-x-gourmantche_reg	493999	APOS_STRAIGHT	'	1801	3.646	482	40	999	280
Tech_Advance__gux-x-gourmantche_reg	493999	LAQUO	«	437	0.885	436	0	0	1
Tech_Advance__gux-x-gourmantche_reg	493999	RAQUO	»	324	0.656	0	105	0	219
Tech_Advance__gux-x-gourmantche_reg	493999	BACKTICK	`	3	0.006	0	0	0	3
Tech_Advance__gux-x-gourmantche_reg	493999	DIGRAPH_OPEN	<<	5	0.010	0	0	0	0
Tech_Advance__gux-x-gourmantche_reg	493999	DIGRAPH_CLOSE	>>	5	0.010	0	0	0	0
Tech_Advance__gux_reg	207565	DQUOTE_STRAIGHT	"	758	3.652	379	12	0	367
Tech_Advance__gux_reg	207565	APOS_STRAIGHT	'	205	0.988	104	5	0	96
Tech_Advance__gux_reg	207565	LAQUO	«	36	0.173	36	0	0	0
Tech_Advance__gux_reg	207565	RAQUO	»	35	0.169	0	15	0	20
Tech_Advance__gux_reg	207565	BACKTICK	`	4	0.019	4	0	0	0
Tech_Advance__jid_reg	180706	DQUOTE_STRAIGHT	"	16	0.089	0	8	1	7
Tech_Advance__jid_reg	180706	APOS_STRAIGHT	'	3587	19.850	177	401	2908	101
Tech_Advance__jid_reg	180706	LDQUO	“	1062	5.877	1061	0	0	1
Tech_Advance__jid_reg	180706	RDQUO	”	864	4.781	0	153	0	711
Tech_Advance__jid_reg	180706	BACKTICK	`	2	0.011	0	0	2	0
Tech_Advance__jni_reg	180522	DQUOTE_STRAIGHT	"	2450	13.572	1272	158	38	982
Tech_Advance__jni_reg	180522	APOS_STRAIGHT	'	703	3.894	113	76	426	88
Tech_Advance__jni_reg	180522	BACKTICK	`	1	0.006	1	0	0	0
Tech_Advance__kiz_reg	146620	DQUOTE_STRAIGHT	"	3453	23.551	1757	126	0	1570
Tech_Advance__kiz_reg	146620	APOS_STRAIGHT	'	9730	66.362	283	36	9174	237
Tech_Advance__kiz_reg	146620	BACKTICK	`	38	0.259	24	1	8	5
Tech_Advance__lko_reg	129792	DQUOTE_STRAIGHT	"	1187	9.145	600	70	4	513
Tech_Advance__lko_reg	129792	APOS_STRAIGHT	'	1839	14.169	46	8	1756	29
Tech_Advance__lko_reg	129792	BACKTICK	`	1	0.008	0	1	0	0
Tech_Advance__nyf-x-rabai_reg	142701	DQUOTE_STRAIGHT	"	1808	12.670	847	111	0	850
Tech_Advance__nyf-x-rabai_reg	142701	APOS_STRAIGHT	'	402	2.817	91	16	181	114
Tech_Advance__nyf-x-rabai_reg	142701	LSQUO	‘	171	1.198	171	0	0	0
Tech_Advance__nyf-x-rabai_reg	142701	RSQUO	’	164	1.149	0	45	56	63
Tech_Advance__nyf-x-rabai_reg	142701	LDQUO	“	554	3.882	550	1	0	3
Tech_Advance__nyf-x-rabai_reg	142701	RDQUO	”	580	4.064	0	77	0	503
Tech_Advance__nyn-x-runyaruguru_reg	110100	DQUOTE_STRAIGHT	"	2	0.018	0	1	1	0
Tech_Advance__nyn-x-runyaruguru_reg	110100	APOS_STRAIGHT	'	3992	36.258	5	36	3951	0
Tech_Advance__nyn-x-runyaruguru_reg	110100	RSQUO	’	57	0.518	0	1	56	0
Tech_Advance__nyn-x-runyaruguru_reg	110100	LDQUO	“	48	0.436	48	0	0	0
Tech_Advance__nyn-x-runyaruguru_reg	110100	RDQUO	”	48	0.436	0	10	0	38
Tech_Advance__nyn-x-runyaruguru_reg	110100	BACKTICK	`	4	0.036	0	0	3	1
Tech_Advance__rmn-x-yerliroman_reg	150932	LSQUO	‘	2	0.013	2	0	0	0
Tech_Advance__rmn-x-yerliroman_reg	150932	RSQUO	’	2	0.013	0	1	0	1
Tech_Advance__rmn-x-yerliroman_reg	150932	LDQUO	“	291	1.928	290	0	0	1
Tech_Advance__rmn-x-yerliroman_reg	150932	RDQUO	”	306	2.027	0	40	0	266
Tech_Advance__sbk_reg	122423	DQUOTE_STRAIGHT	"	8	0.065	1	6	0	1
Tech_Advance__sbk_reg	122423	APOS_STRAIGHT	'	32	0.261	0	1	31	0
Tech_Advance__sbk_reg	122423	LSQUO	‘	210	1.715	207	0	0	3
Tech_Advance__sbk_reg	122423	RSQUO	’	266	2.173	0	23	0	243
Tech_Advance__sbk_reg	122423	LDQUO	“	1427	11.656	1421	0	0	6
Tech_Advance__sbk_reg	122423	RDQUO	”	1573	12.849	0	49	0	1524
Tech_Advance__sbk_reg	122423	BACKTICK	`	14	0.114	13	0	0	1
Tech_Advance__zga-x-mahanji_reg	135274	DQUOTE_STRAIGHT	"	3502	25.888	1766	116	0	1620
Tech_Advance__zga-x-mahanji_reg	135274	APOS_STRAIGHT	'	1746	12.907	268	27	1190	261
Tech_Advance__zga-x-mahanji_reg	135274	BACKTICK	`	7	0.052	4	0	1	2
WA-Catalog__am_ulb	446829	DQUOTE_STRAIGHT	"	3317	7.423	1658	783	42	834
WA-Catalog__am_ulb	446829	APOS_STRAIGHT	'	1159	2.594	637	316	8	198
WA-Catalog__am_ulb	446829	LSQUO	‘	307	0.687	307	0	0	0
WA-Catalog__am_ulb	446829	RSQUO	’	289	0.647	8	188	2	91
WA-Catalog__am_ulb	446829	LDQUO	“	2299	5.145	2176	64	1	58
WA-Catalog__am_ulb	446829	RDQUO	”	2228	4.986	109	976	11	1132
WA-Catalog__am_ulb	446829	LAQUO	«	985	2.204	969	0	14	2
WA-Catalog__am_ulb	446829	RAQUO	»	957	2.142	0	530	6	421
WA-Catalog__am_ulb	446829	LSAQUO	‹	305	0.683	190	0	0	115
WA-Catalog__am_ulb	446829	RSAQUO	›	285	0.638	0	93	1	191
WA-Catalog__am_ulb	446829	BACKTICK	`	2	0.004	0	0	0	2
WA-Catalog__as_ulb	572118	APOS_STRAIGHT	'	11	0.019	0	0	11	0
WA-Catalog__as_ulb	572118	LSQUO	‘	1190	2.080	1188	0	0	2
WA-Catalog__as_ulb	572118	RSQUO	’	11442	19.999	26	311	10331	774
WA-Catalog__as_ulb	572118	LDQUO	“	5583	9.758	5578	0	0	5
WA-Catalog__as_ulb	572118	RDQUO	”	5244	9.166	0	187	0	5057
WA-Catalog__ceb_ulb	833764	DQUOTE_STRAIGHT	"	11546	13.848	5846	103	0	5597
WA-Catalog__ceb_ulb	833764	APOS_STRAIGHT	'	3392	4.068	1537	93	39	1723
WA-Catalog__ceb_ulb	833764	LSQUO	‘	6	0.007	6	0	0	0
WA-Catalog__ceb_ulb	833764	RSQUO	’	6	0.007	0	0	0	6
WA-Catalog__ceb_ulb	833764	LDQUO	“	19	0.023	19	0	0	0
WA-Catalog__ceb_ulb	833764	RDQUO	”	19	0.023	0	1	0	18
WA-Catalog__ceb_ulb	833764	BACKTICK	`	1	0.001	0	0	0	1
WA-Catalog__es-419_udb	262878	DQUOTE_STRAIGHT	"	3948	15.018	1237	165	0	2546
WA-Catalog__es-419_udb	262878	APOS_STRAIGHT	'	720	2.739	235	57	0	428
WA-Catalog__es-419_ulb	770648	DQUOTE_STRAIGHT	"	11583	15.030	4640	436	1	6506
WA-Catalog__es-419_ulb	770648	APOS_STRAIGHT	'	3258	4.228	1238	183	0	1837
WA-Catalog__es-419_ulb	770648	LSQUO	‘	3	0.004	2	0	0	1
WA-Catalog__es-419_ulb	770648	RSQUO	’	6	0.008	0	6	0	0
WA-Catalog__es-419_ulb	770648	LDQUO	“	1	0.001	1	0	0	0
WA-Catalog__es-419_ulb	770648	RDQUO	”	7	0.009	0	3	0	4
WA-Catalog__fr_ulb	179696	DQUOTE_STRAIGHT	"	413	2.298	181	41	1	190
WA-Catalog__fr_ulb	179696	APOS_STRAIGHT	'	8521	47.419	87	178	8024	232
WA-Catalog__fr_ulb	179696	RSQUO	’	710	3.951	1	5	704	0
WA-Catalog__fr_ulb	179696	LDQUO	“	5	0.028	3	0	0	2
WA-Catalog__fr_ulb	179696	RDQUO	”	18	0.100	0	4	0	14
WA-Catalog__fr_ulb	179696	DQUO_REV	‟	10	0.056	1	0	0	9
WA-Catalog__fr_ulb	179696	LAQUO	«	1943	10.813	1615	0	0	328
WA-Catalog__fr_ulb	179696	RAQUO	»	1913	10.646	3	122	0	1788
WA-Catalog__gu_ulb	574950	DQUOTE_STRAIGHT	"	7107	12.361	3682	31	0	3394
WA-Catalog__gu_ulb	574950	APOS_STRAIGHT	'	2121	3.689	935	29	0	1157
WA-Catalog__gu_ulb	574950	LSQUO	‘	1515	2.635	1515	0	0	0
WA-Catalog__gu_ulb	574950	RSQUO	’	1462	2.543	0	24	0	1438
WA-Catalog__gu_ulb	574950	LDQUO	“	440	0.765	440	0	0	0
WA-Catalog__gu_ulb	574950	RDQUO	”	1522	2.647	0	4	0	1518
WA-Catalog__ha_ulb	724352	DQUOTE_STRAIGHT	"	11483	15.853	5752	329	10	5392
WA-Catalog__ha_ulb	724352	APOS_STRAIGHT	'	19634	27.106	4454	121	13803	1256
WA-Catalog__ha_ulb	724352	RDQUO	”	1	0.001	0	0	0	1
WA-Catalog__ha_ulb	724352	BACKTICK	`	4	0.006	0	1	0	3
WA-Catalog__hi_udb	871438	DQUOTE_STRAIGHT	"	7679	8.812	3752	71	0	3856
WA-Catalog__hi_udb	871438	APOS_STRAIGHT	'	1128	1.294	544	15	0	569
WA-Catalog__hi_udb	871438	LSQUO	‘	578	0.663	548	0	0	30
WA-Catalog__hi_udb	871438	RSQUO	’	337	0.387	0	10	0	327
WA-Catalog__hi_udb	871438	LDQUO	“	1836	2.107	1732	0	0	104
WA-Catalog__hi_udb	871438	RDQUO	”	1173	1.346	7	21	0	1145
WA-Catalog__hi_ulb	722051	LSQUO	‘	1049	1.453	1049	0	0	0
WA-Catalog__hi_ulb	722051	RSQUO	’	997	1.381	1	34	0	962
WA-Catalog__hi_ulb	722051	LDQUO	“	6496	8.997	6485	0	0	11
WA-Catalog__hi_ulb	722051	RDQUO	”	5242	7.260	0	7	0	5235
WA-Catalog__ilo_udb	932918	DQUOTE_STRAIGHT	"	11536	12.366	5890	92	0	5554
WA-Catalog__ilo_udb	932918	APOS_STRAIGHT	'	2531	2.713	1245	70	19	1197
WA-Catalog__ilo_udb	932918	LSQUO	‘	81	0.087	80	0	0	1
WA-Catalog__ilo_udb	932918	RSQUO	’	81	0.087	1	2	5	73
WA-Catalog__ilo_udb	932918	LDQUO	“	247	0.265	243	0	0	4
WA-Catalog__ilo_udb	932918	RDQUO	”	262	0.281	0	6	0	256
WA-Catalog__ilo_udb	932918	BACKTICK	`	1	0.001	0	0	1	0
WA-Catalog__ilo_ulb	754205	DQUOTE_STRAIGHT	"	11557	15.323	5885	136	0	5536
WA-Catalog__ilo_ulb	754205	APOS_STRAIGHT	'	2915	3.865	1398	105	10	1402
WA-Catalog__ilo_ulb	754205	LSQUO	‘	77	0.102	77	0	0	0
WA-Catalog__ilo_ulb	754205	RSQUO	’	79	0.105	2	6	2	69
WA-Catalog__ilo_ulb	754205	LDQUO	“	103	0.137	103	0	0	0
WA-Catalog__ilo_ulb	754205	RDQUO	”	138	0.183	6	5	0	127
WA-Catalog__ilo_ulb	754205	BACKTICK	`	3	0.004	1	1	1	0
WA-Catalog__km_ulb	150112	DQUOTE_STRAIGHT	"	22	0.147	11	3	0	8
WA-Catalog__km_ulb	150112	LDQUO	“	7	0.047	7	0	0	0
WA-Catalog__km_ulb	150112	RDQUO	”	11	0.073	1	6	1	3
WA-Catalog__km_ulb	150112	LAQUO	«	6657	44.347	6590	1	0	66
WA-Catalog__km_ulb	150112	RAQUO	»	6098	40.623	2	2775	0	3321
WA-Catalog__kn_ulb	355711	DQUOTE_STRAIGHT	"	4	0.011	1	0	0	3
WA-Catalog__kn_ulb	355711	APOS_STRAIGHT	'	4	0.011	2	0	0	2
WA-Catalog__kn_ulb	355711	LSQUO	‘	26	0.073	26	0	0	0
WA-Catalog__kn_ulb	355711	RSQUO	’	26	0.073	0	5	0	21
WA-Catalog__kn_ulb	355711	LDQUO	“	8	0.022	8	0	0	0
WA-Catalog__kn_ulb	355711	RDQUO	”	7	0.020	0	0	0	7
WA-Catalog__kn_ulb	355711	DIGRAPH_OPEN	<<	5747	16.156	0	0	0	0
WA-Catalog__kn_ulb	355711	DIGRAPH_CLOSE	>>	4657	13.092	0	0	0	0
WA-Catalog__lo_ulb	145795	DQUOTE_STRAIGHT	"	6615	45.372	3198	181	14	3222
WA-Catalog__lo_ulb	145795	APOS_STRAIGHT	'	1248	8.560	567	96	3	582
WA-Catalog__lo_ulb	145795	LSQUO	‘	626	4.294	611	0	9	6
WA-Catalog__lo_ulb	145795	RSQUO	’	573	3.930	5	169	1	398
WA-Catalog__lo_ulb	145795	LDQUO	“	2841	19.486	2569	123	33	116
WA-Catalog__lo_ulb	145795	RDQUO	”	2546	17.463	24	253	3	2266
WA-Catalog__lo_ulb	145795	BACKTICK	`	1	0.007	0	0	0	1
WA-Catalog__ml_ulb	382950	DQUOTE_STRAIGHT	"	11	0.029	7	2	0	2
WA-Catalog__ml_ulb	382950	APOS_STRAIGHT	'	6	0.016	1	0	0	5
WA-Catalog__ml_ulb	382950	LSQUO	‘	825	2.154	780	9	0	36
WA-Catalog__ml_ulb	382950	RSQUO	’	629	1.643	53	150	1	425
WA-Catalog__ml_ulb	382950	LDQUO	“	4806	12.550	4474	27	0	305
WA-Catalog__ml_ulb	382950	RDQUO	”	4186	10.931	297	729	15	3145
WA-Catalog__ml_ulb	382950	BACKTICK	`	518	1.353	3	3	0	512
WA-Catalog__mr_udb	218313	DQUOTE_STRAIGHT	"	7	0.032	4	0	0	3
WA-Catalog__mr_udb	218313	APOS_STRAIGHT	'	3	0.014	0	0	0	3
WA-Catalog__mr_udb	218313	LSQUO	‘	328	1.502	325	0	0	3
WA-Catalog__mr_udb	218313	RSQUO	’	317	1.452	4	19	1	293
WA-Catalog__mr_udb	218313	LDQUO	“	1868	8.557	1859	0	0	9
WA-Catalog__mr_udb	218313	RDQUO	”	1779	8.149	12	26	1	1740
WA-Catalog__mr_ulb	538661	LSQUO	‘	856	1.589	856	0	0	0
WA-Catalog__mr_ulb	538661	RSQUO	’	758	1.407	0	119	0	639
WA-Catalog__mr_ulb	538661	LDQUO	“	4876	9.052	4832	0	0	44
WA-Catalog__mr_ulb	538661	RDQUO	”	4583	8.508	0	88	0	4495
WA-Catalog__ne_udb	231270	DQUOTE_STRAIGHT	"	19	0.082	14	0	0	5
WA-Catalog__ne_udb	231270	APOS_STRAIGHT	'	2	0.009	1	0	0	1
WA-Catalog__ne_udb	231270	LSQUO	‘	360	1.557	349	1	0	10
WA-Catalog__ne_udb	231270	RSQUO	’	343	1.483	0	17	0	326
WA-Catalog__ne_udb	231270	LDQUO	“	2032	8.786	2025	0	0	7
WA-Catalog__ne_udb	231270	RDQUO	”	1978	8.553	0	31	0	1947
WA-Catalog__ne_ulb	632723	DQUOTE_STRAIGHT	"	4914	7.766	2578	34	0	2302
WA-Catalog__ne_ulb	632723	APOS_STRAIGHT	'	1617	2.556	837	101	0	679
WA-Catalog__ne_ulb	632723	LSQUO	‘	647	1.023	634	2	0	11
WA-Catalog__ne_ulb	632723	RSQUO	’	635	1.004	0	66	0	569
WA-Catalog__ne_ulb	632723	LDQUO	“	3304	5.222	3283	0	1	20
WA-Catalog__ne_ulb	632723	RDQUO	”	3372	5.329	1	76	0	3295
WA-Catalog__ne_ulb	632723	MODLETTER_APOS	ʼ	11	0.017	0	0	0	11
WA-Catalog__pa_ulb	815194	DQUOTE_STRAIGHT	"	1420	1.742	693	38	0	689
WA-Catalog__pa_ulb	815194	APOS_STRAIGHT	'	150	0.184	62	5	0	83
WA-Catalog__pa_ulb	815194	LSQUO	‘	14	0.017	14	0	0	0
WA-Catalog__pa_ulb	815194	RSQUO	’	14	0.017	0	0	0	14
WA-Catalog__pa_ulb	815194	LDQUO	“	613	0.752	612	0	0	1
WA-Catalog__pa_ulb	815194	RDQUO	”	608	0.746	0	23	0	585
WA-Catalog__plt_ulb	704784	DQUOTE_STRAIGHT	"	12043	17.088	6126	169	3	5745
WA-Catalog__plt_ulb	704784	APOS_STRAIGHT	'	78331	111.142	1341	431	75270	1289
WA-Catalog__plt_ulb	704784	RSQUO	’	16	0.023	0	0	16	0
WA-Catalog__pt-br_ulb	703909	DQUOTE_STRAIGHT	"	11250	15.982	5656	3851	0	1743
WA-Catalog__pt-br_ulb	703909	APOS_STRAIGHT	'	2946	4.185	1535	986	8	417
WA-Catalog__pt-br_ulb	703909	LSQUO	‘	20	0.028	20	0	0	0
WA-Catalog__pt-br_ulb	703909	RSQUO	’	28	0.040	1	20	0	7
WA-Catalog__pt-br_ulb	703909	LDQUO	“	307	0.436	307	0	0	0
WA-Catalog__pt-br_ulb	703909	RDQUO	”	285	0.405	0	189	0	96
WA-Catalog__sw_ulb	608156	DQUOTE_STRAIGHT	"	4	0.007	0	4	0	0
WA-Catalog__sw_ulb	608156	APOS_STRAIGHT	'	601	0.988	0	1	600	0
WA-Catalog__sw_ulb	608156	LSQUO	‘	1365	2.244	1357	0	0	8
WA-Catalog__sw_ulb	608156	RSQUO	’	1149	1.889	0	54	2	1093
WA-Catalog__sw_ulb	608156	LDQUO	“	5787	9.516	5784	0	0	3
WA-Catalog__sw_ulb	608156	RDQUO	”	5577	9.170	0	108	0	5469
WA-Catalog__sw_ulb	608156	BACKTICK	`	1	0.002	0	0	1	0
WA-Catalog__ta_ulb	431536	LDQUO	“	2	0.005	2	0	0	0
WA-Catalog__ta_ulb	431536	RDQUO	”	2	0.005	0	0	0	2
WA-Catalog__te_ulb	466074	DQUOTE_STRAIGHT	"	4	0.009	2	0	0	2
WA-Catalog__te_ulb	466074	LSQUO	‘	384	0.824	378	0	0	6
WA-Catalog__te_ulb	466074	RSQUO	’	370	0.794	2	3	0	365
WA-Catalog__te_ulb	466074	LDQUO	“	1899	4.074	1851	1	0	47
WA-Catalog__te_ulb	466074	RDQUO	”	1696	3.639	7	20	0	1669
WA-Catalog__te_ulb	466074	DIGRAPH_OPEN	<<	3867	8.297	0	0	0	0
WA-Catalog__te_ulb	466074	DIGRAPH_CLOSE	>>	3708	7.956	0	0	0	0
WA-Catalog__th_ulb	112900	DQUOTE_STRAIGHT	"	8430	74.668	4250	2629	17	1534
WA-Catalog__th_ulb	112900	APOS_STRAIGHT	'	2450	21.701	1153	778	0	519
WA-Catalog__th_ulb	112900	LSQUO	‘	306	2.710	305	0	0	1
WA-Catalog__th_ulb	112900	RSQUO	’	293	2.595	0	187	0	106
WA-Catalog__th_ulb	112900	LDQUO	“	1723	15.261	1702	0	0	21
WA-Catalog__th_ulb	112900	RDQUO	”	1668	14.774	1	982	0	685
WA-Catalog__th_ulb	112900	BACKTICK	`	6	0.053	5	1	0	0
WA-Catalog__tl_udb	1031796	DQUOTE_STRAIGHT	"	11943	11.575	6086	119	0	5738
WA-Catalog__tl_udb	1031796	APOS_STRAIGHT	'	3376	3.272	1288	113	848	1127
WA-Catalog__tl_udb	1031796	RSQUO	’	6	0.006	0	0	5	1
WA-Catalog__tl_udb	1031796	LDQUO	“	9	0.009	8	0	1	0
WA-Catalog__tl_udb	1031796	RDQUO	”	13	0.013	1	2	0	10
WA-Catalog__tl_udb	1031796	BACKTICK	`	2	0.002	0	1	0	1
WA-Catalog__tl_ulb	838810	DQUOTE_STRAIGHT	"	11628	13.862	5922	196	0	5510
WA-Catalog__tl_ulb	838810	APOS_STRAIGHT	'	3800	4.530	1469	128	769	1434
WA-Catalog__tl_ulb	838810	RSQUO	’	11	0.013	0	0	10	1
WA-Catalog__tl_ulb	838810	LDQUO	“	8	0.010	8	0	0	0
WA-Catalog__tl_ulb	838810	RDQUO	”	9	0.011	0	1	0	8
WA-Catalog__tpi_ulb	983696	DQUOTE_STRAIGHT	"	9395	9.551	4657	180	0	4558
WA-Catalog__tpi_ulb	983696	APOS_STRAIGHT	'	4942	5.024	1690	117	0	3135
WA-Catalog__tpi_ulb	983696	LSQUO	‘	3	0.003	0	0	0	3
WA-Catalog__tpi_ulb	983696	RSQUO	’	9	0.009	3	0	0	6
WA-Catalog__tpi_ulb	983696	LDQUO	“	5	0.005	5	0	0	0
WA-Catalog__tpi_ulb	983696	RDQUO	”	5	0.005	0	0	0	5
WA-Catalog__tpi_ulb	983696	BACKTICK	`	2	0.002	1	0	0	1
WA-Catalog__ur-deva_ulb	774406	DQUOTE_STRAIGHT	"	6745	8.710	4033	87	8	2617
WA-Catalog__ur-deva_ulb	774406	APOS_STRAIGHT	'	16508	21.317	12205	280	1413	2610
WA-Catalog__ur-deva_ulb	774406	LSQUO	‘	212	0.274	197	1	1	13
WA-Catalog__ur-deva_ulb	774406	RSQUO	’	196	0.253	40	8	16	132
WA-Catalog__ur-deva_ulb	774406	LDQUO	“	1211	1.564	1137	2	4	68
WA-Catalog__ur-deva_ulb	774406	RDQUO	”	1526	1.971	78	8	0	1440
WA-Catalog__ur-deva_ulb	774406	BACKTICK	`	6	0.008	2	0	0	4
WA-Catalog__vi_udb	317899	DQUOTE_STRAIGHT	"	120	0.377	34	1	0	85
WA-Catalog__vi_udb	317899	APOS_STRAIGHT	'	13	0.041	2	0	0	11
WA-Catalog__vi_udb	317899	LSQUO	‘	364	1.145	346	0	0	18
WA-Catalog__vi_udb	317899	RSQUO	’	357	1.123	0	29	0	328
WA-Catalog__vi_udb	317899	LDQUO	“	2010	6.323	1986	0	0	24
WA-Catalog__vi_udb	317899	RDQUO	”	1891	5.948	2	39	1	1849
WA-Catalog__vi_ulb	894460	DQUOTE_STRAIGHT	"	45	0.050	2	19	0	24
WA-Catalog__vi_ulb	894460	APOS_STRAIGHT	'	337	0.377	174	78	0	85
WA-Catalog__vi_ulb	894460	LSQUO	‘	1280	1.431	1280	0	0	0
WA-Catalog__vi_ulb	894460	RSQUO	’	1286	1.438	14	112	0	1160
WA-Catalog__vi_ulb	894460	LDQUO	“	5963	6.667	5949	0	0	14
WA-Catalog__vi_ulb	894460	RDQUO	”	5850	6.540	25	150	0	5675
WA-Catalog__vi_ulb	894460	BACKTICK	`	3	0.003	3	0	0	0
WycliffeAssociates__en_ulb	657757	DQUOTE_STRAIGHT	"	10671	16.223	5546	81	0	5044
WycliffeAssociates__en_ulb	657757	APOS_STRAIGHT	'	5333	8.108	1286	299	2586	1162
WycliffeAssociates__en_ulb	657757	LSQUO	‘	1	0.002	1	0	0	0
WycliffeAssociates__en_ulb	657757	RSQUO	’	2	0.003	0	0	2	0
WycliffeAssociates__en_ulb	657757	LDQUO	“	2	0.003	2	0	0	0
WycliffeAssociates__en_ulb	657757	RDQUO	”	1	0.002	0	0	0	1
clash__ssn-x-sanye_reg	117474	DQUOTE_STRAIGHT	"	1109	9.440	524	53	0	532
clash__ssn-x-sanye_reg	117474	APOS_STRAIGHT	'	38	0.323	9	1	12	16
clash__ssn-x-sanye_reg	117474	LDQUO	“	20	0.170	20	0	0	0
clash__ssn-x-sanye_reg	117474	RDQUO	”	16	0.136	0	7	0	9
stitched__ach-SS-acholi_reg	176490	APOS_STRAIGHT	'	20	0.113	0	2	0	18
stitched__ach-SS-acholi_reg	176490	LSQUO	‘	375	2.125	375	0	0	0
stitched__ach-SS-acholi_reg	176490	RSQUO	’	357	2.023	0	81	0	276
stitched__ach-SS-acholi_reg	176490	LDQUO	“	2004	11.355	1995	0	1	8
stitched__ach-SS-acholi_reg	176490	RDQUO	”	1818	10.301	0	47	0	1771
stitched__acq_reg	121770	DQUOTE_STRAIGHT	"	3687	30.278	1001	190	9	2487
stitched__acq_reg	121770	APOS_STRAIGHT	'	5	0.041	3	1	0	1
stitched__acq_reg	121770	LSQUO	‘	2	0.016	1	0	0	1
stitched__acq_reg	121770	LDQUO	“	7	0.057	2	0	0	5
stitched__acq_reg	121770	LAQUO	«	1	0.008	1	0	0	0
stitched__acq_reg	121770	RAQUO	»	1	0.008	0	0	0	1
stitched__aoa_reg	168435	DQUOTE_STRAIGHT	"	675	4.007	250	227	0	198
stitched__aoa_reg	168435	APOS_STRAIGHT	'	206	1.223	37	34	6	129
stitched__aoa_reg	168435	BACKTICK	`	4	0.024	1	0	0	3
stitched__arq_reg	116929	DQUOTE_STRAIGHT	"	2244	19.191	574	234	1	1435
stitched__arq_reg	116929	LSQUO	‘	1	0.009	0	1	0	0
stitched__arq_reg	116929	RSQUO	’	3	0.026	1	2	0	0
stitched__arq_reg	116929	LAQUO	«	634	5.422	389	0	0	245
stitched__arq_reg	116929	RAQUO	»	622	5.319	2	94	0	526
stitched__arq_reg	116929	DIGRAPH_OPEN	<<	14	0.120	0	0	0	0
stitched__arq_reg	116929	DIGRAPH_CLOSE	>>	14	0.120	0	0	0	0
stitched__asa_reg	131321	DQUOTE_STRAIGHT	"	1396	10.630	338	111	11	936
stitched__asa_reg	131321	APOS_STRAIGHT	'	338	2.574	30	12	172	124
stitched__asa_reg	131321	LSQUO	‘	76	0.579	22	0	0	54
stitched__asa_reg	131321	RSQUO	’	400	3.046	36	18	310	36
stitched__asa_reg	131321	LDQUO	“	406	3.092	402	0	0	4
stitched__asa_reg	131321	RDQUO	”	284	2.163	2	197	1	84
stitched__atg_reg	209594	DQUOTE_STRAIGHT	"	670	3.197	348	14	0	308
stitched__atg_reg	209594	APOS_STRAIGHT	'	1721	8.211	488	25	0	1208
stitched__atg_reg	209594	LSQUO	‘	211	1.007	147	0	0	64
stitched__atg_reg	209594	RSQUO	’	256	1.221	63	28	0	165
stitched__atg_reg	209594	LDQUO	“	1026	4.895	1004	0	0	22
stitched__atg_reg	209594	RDQUO	”	941	4.490	33	78	0	830
stitched__auh_reg	140854	DQUOTE_STRAIGHT	"	3649	25.906	1866	55	0	1728
stitched__auh_reg	140854	APOS_STRAIGHT	'	1556	11.047	505	43	303	705
stitched__auh_reg	140854	BACKTICK	`	1	0.007	1	0	0	0
stitched__ayn_reg	116724	DQUOTE_STRAIGHT	"	64	0.548	10	10	0	44
stitched__ayn_reg	116724	LSQUO	‘	6	0.051	0	0	1	5
stitched__ayn_reg	116724	RSQUO	’	2	0.017	0	0	0	2
stitched__bds_reg	153748	DQUOTE_STRAIGHT	"	2147	13.964	262	85	8	1792
stitched__bds_reg	153748	APOS_STRAIGHT	'	5296	34.446	287	297	3843	869
stitched__bds_reg	153748	BACKTICK	`	2	0.013	0	0	1	1
stitched__bem_reg	139966	DQUOTE_STRAIGHT	"	2476	17.690	1317	36	0	1123
stitched__bem_reg	139966	APOS_STRAIGHT	'	3800	27.149	1058	61	195	2486
stitched__bem_reg	139966	BACKTICK	`	1	0.007	1	0	0	0
stitched__bez_reg	139080	DQUOTE_STRAIGHT	"	23	0.165	11	1	0	11
stitched__bez_reg	139080	APOS_STRAIGHT	'	6452	46.391	1629	211	470	4142
stitched__bez_reg	139080	BACKTICK	`	1	0.007	1	0	0	0
stitched__bil_reg	178342	DQUOTE_STRAIGHT	"	2997	16.805	1430	226	10	1331
stitched__bil_reg	178342	APOS_STRAIGHT	'	1983	11.119	391	89	844	659
stitched__bil_reg	178342	BACKTICK	`	1	0.006	0	0	0	1
stitched__bji_reg	101017	LDQUO	“	1	0.010	1	0	0	0
stitched__bji_reg	101017	RDQUO	”	1	0.010	0	1	0	0
stitched__btm_reg	184722	DQUOTE_STRAIGHT	"	255	1.380	129	13	1	112
stitched__btm_reg	184722	APOS_STRAIGHT	'	28	0.152	14	1	0	13
stitched__btm_reg	184722	LSQUO	‘	16	0.087	15	0	0	1
stitched__btm_reg	184722	RSQUO	’	57	0.309	4	4	31	18
stitched__btm_reg	184722	LDQUO	“	958	5.186	896	0	0	62
stitched__btm_reg	184722	RDQUO	”	997	5.397	193	223	0	581
stitched__bwc_reg	128862	DQUOTE_STRAIGHT	"	2195	17.034	1076	53	0	1066
stitched__bwc_reg	128862	APOS_STRAIGHT	'	3961	30.738	1014	61	329	2557
stitched__bwc_reg	128862	BACKTICK	`	18	0.140	0	0	18	0
stitched__bwg_reg	125127	DQUOTE_STRAIGHT	"	2797	22.353	1214	979	0	604
stitched__bwg_reg	125127	APOS_STRAIGHT	'	1315	10.509	407	334	20	554
stitched__bwg_reg	125127	RSQUO	’	2	0.016	1	0	0	1
stitched__bwg_reg	125127	LAQUO	«	6	0.048	0	0	5	1
stitched__bwg_reg	125127	BACKTICK	`	4	0.032	1	0	1	2
stitched__byi_reg	130227	DQUOTE_STRAIGHT	"	521	4.001	186	136	1	198
stitched__byi_reg	130227	APOS_STRAIGHT	'	1235	9.483	30	20	1082	103
stitched__byi_reg	130227	DIGRAPH_OPEN	<<	10	0.077	0	0	0	0
stitched__byi_reg	130227	DIGRAPH_CLOSE	>>	6	0.046	0	0	0	0
stitched__byn_reg	104789	DQUOTE_STRAIGHT	"	1	0.010	0	1	0	0
stitched__byn_reg	104789	LSQUO	‘	3	0.029	3	0	0	0
stitched__byn_reg	104789	RSQUO	’	5	0.048	0	4	1	0
stitched__byn_reg	104789	LDQUO	“	719	6.861	712	0	0	7
stitched__byn_reg	104789	RDQUO	”	639	6.098	6	571	16	46
stitched__byn_reg	104789	LSAQUO	‹	6	0.057	2	0	0	4
stitched__byn_reg	104789	RSAQUO	›	7	0.067	0	2	0	5
stitched__byn_reg	104789	BACKTICK	`	1	0.010	0	0	0	1
stitched__coh-x-jibana_reg	142851	DQUOTE_STRAIGHT	"	1672	11.705	918	99	21	634
stitched__coh-x-jibana_reg	142851	APOS_STRAIGHT	'	5450	38.152	305	18	4563	564
stitched__coh-x-jibana_reg	142851	RSQUO	’	29	0.203	0	0	29	0
stitched__coh-x-jibana_reg	142851	LDQUO	“	507	3.549	503	1	1	2
stitched__coh-x-jibana_reg	142851	RDQUO	”	452	3.164	3	65	0	384
stitched__dav_reg	141400	DQUOTE_STRAIGHT	"	3266	23.098	1671	183	7	1405
stitched__dav_reg	141400	APOS_STRAIGHT	'	621	4.392	242	38	151	190
stitched__dav_reg	141400	BACKTICK	`	3	0.021	1	0	2	0
stitched__dgo-x-dogripun_reg	192990	DQUOTE_STRAIGHT	"	166	0.860	84	5	0	77
stitched__dgo-x-dogripun_reg	192990	APOS_STRAIGHT	'	249	1.290	154	4	33	58
stitched__dgo-x-dogripun_reg	192990	LSQUO	‘	339	1.757	336	0	0	3
stitched__dgo-x-dogripun_reg	192990	RSQUO	’	371	1.922	13	16	64	278
stitched__dgo-x-dogripun_reg	192990	LDQUO	“	1929	9.995	1731	0	0	198
stitched__dgo-x-dogripun_reg	192990	RDQUO	”	1643	8.513	107	19	0	1517
stitched__dig_reg	134554	DQUOTE_STRAIGHT	"	491	3.649	225	96	23	147
stitched__dig_reg	134554	APOS_STRAIGHT	'	5455	40.541	1085	370	1608	2392
stitched__doe_reg	141342	DQUOTE_STRAIGHT	"	1430	10.117	646	95	0	689
stitched__doe_reg	141342	APOS_STRAIGHT	'	4927	34.859	1454	115	163	3195
stitched__dso_reg	186311	DQUOTE_STRAIGHT	"	2353	12.629	532	73	3	1745
stitched__dso_reg	186311	APOS_STRAIGHT	'	639	3.430	137	18	1	483
stitched__dso_reg	186311	LSQUO	‘	83	0.445	57	1	0	25
stitched__dso_reg	186311	RSQUO	’	76	0.408	3	18	0	55
stitched__dso_reg	186311	SQUO_LOW	‚	1092	5.861	106	293	78	615
stitched__dso_reg	186311	LDQUO	“	416	2.233	393	1	0	22
stitched__dso_reg	186311	RDQUO	”	260	1.396	11	75	9	165
stitched__ekp_reg	147077	DQUOTE_STRAIGHT	"	1859	12.640	974	142	6	737
stitched__ekp_reg	147077	APOS_STRAIGHT	'	4441	30.195	225	243	3850	123
stitched__ekp_reg	147077	LSQUO	‘	23	0.156	23	0	0	0
stitched__ekp_reg	147077	RSQUO	’	289	1.965	30	4	253	2
stitched__ekp_reg	147077	LDQUO	“	448	3.046	438	0	0	10
stitched__ekp_reg	147077	RDQUO	”	262	1.781	16	115	2	129
stitched__gay_reg	163819	DQUOTE_STRAIGHT	"	2368	14.455	970	66	18	1314
stitched__gay_reg	163819	APOS_STRAIGHT	'	5648	34.477	763	74	3145	1666
stitched__gay_reg	163819	LDQUO	“	1	0.006	1	0	0	0
stitched__gay_reg	163819	RDQUO	”	1	0.006	0	0	0	1
stitched__gay_reg	163819	BACKTICK	`	1	0.006	1	0	0	0
stitched__geg_reg	142093	DQUOTE_STRAIGHT	"	207	1.457	87	58	2	60
stitched__geg_reg	142093	APOS_STRAIGHT	'	1046	7.361	15	44	923	64
stitched__geg_reg	142093	BACKTICK	`	2	0.014	1	0	0	1
stitched__gey_reg	160770	DQUOTE_STRAIGHT	"	2352	14.630	1207	686	14	445
stitched__gey_reg	160770	APOS_STRAIGHT	'	6828	42.471	6	10	6809	3
stitched__gey_reg	160770	BACKTICK	`	149	0.927	0	1	148	0
stitched__gl_reg	158127	DQUOTE_STRAIGHT	"	6	0.038	3	3	0	0
stitched__gl_reg	158127	LDQUO	“	8	0.051	8	0	0	0
stitched__gl_reg	158127	RDQUO	”	8	0.051	0	7	0	1
stitched__gl_reg	158127	LAQUO	«	564	3.567	564	0	0	0
stitched__gl_reg	158127	RAQUO	»	566	3.579	2	477	0	87
stitched__gog_reg	139061	DQUOTE_STRAIGHT	"	2618	18.826	1270	344	17	987
stitched__gog_reg	139061	APOS_STRAIGHT	'	913	6.565	200	58	202	453
stitched__gog_reg	139061	BACKTICK	`	1	0.007	1	0	0	0
stitched__haq_reg	119915	DQUOTE_STRAIGHT	"	1073	8.948	264	84	3	722
stitched__haq_reg	119915	APOS_STRAIGHT	'	522	4.353	115	23	15	369
stitched__haq_reg	119915	LSQUO	‘	2	0.017	1	0	0	1
stitched__haq_reg	119915	RSQUO	’	26	0.217	2	1	11	12
stitched__haq_reg	119915	LDQUO	“	211	1.760	207	0	0	4
stitched__haq_reg	119915	RDQUO	”	184	1.534	4	22	0	158
stitched__hke-x-bakobo_reg	116412	DQUOTE_STRAIGHT	"	567	4.871	250	85	11	221
stitched__hke-x-bakobo_reg	116412	APOS_STRAIGHT	'	4717	40.520	31	33	4579	74
stitched__hke-x-bakobo_reg	116412	BACKTICK	`	2	0.017	0	0	2	0
stitched__hke-x-bakobo_reg	116412	DIGRAPH_OPEN	<<	7	0.060	0	0	0	0
stitched__hke-x-bakobo_reg	116412	DIGRAPH_CLOSE	>>	7	0.060	0	0	0	0
stitched__hts_reg	119232	DQUOTE_STRAIGHT	"	2046	17.160	201	98	16	1731
stitched__hts_reg	119232	APOS_STRAIGHT	'	6709	56.268	1405	110	3105	2089
stitched__hts_reg	119232	BACKTICK	`	229	1.921	56	1	166	6
stitched__ihi_reg	173556	DQUOTE_STRAIGHT	"	1336	7.698	630	131	0	575
stitched__ihi_reg	173556	APOS_STRAIGHT	'	569	3.278	164	38	23	344
stitched__ish_reg	167231	DQUOTE_STRAIGHT	"	1920	11.481	1055	446	3	416
stitched__ish_reg	167231	APOS_STRAIGHT	'	904	5.406	136	89	591	88
stitched__jit-x-hambwe_reg	119301	DQUOTE_STRAIGHT	"	2585	21.668	1134	219	3	1229
stitched__jit-x-hambwe_reg	119301	APOS_STRAIGHT	'	230	1.928	74	19	5	132
stitched__jit-x-hambwe_reg	119301	BACKTICK	`	4	0.034	1	3	0	0
stitched__kmr-IQ-badini_reg	167120	LAQUO	«	19	0.114	17	0	0	2
stitched__kmr-IQ-badini_reg	167120	RAQUO	»	11	0.066	0	0	0	11
stitched__kmr-IQ-badini_reg	167120	LSAQUO	‹	11	0.066	10	0	0	1
stitched__kmr-IQ-badini_reg	167120	RSAQUO	›	6	0.036	0	3	0	3
stitched__kmr-x-afrini_reg	170764	DQUOTE_STRAIGHT	"	3	0.018	1	0	0	2
stitched__kmr-x-afrini_reg	170764	APOS_STRAIGHT	'	2	0.012	0	0	0	2
stitched__kmr-x-afrini_reg	170764	LSQUO	‘	2	0.012	0	2	0	0
stitched__kmr-x-afrini_reg	170764	RSQUO	’	1	0.006	1	0	0	0
stitched__kmr-x-afrini_reg	170764	LAQUO	«	1808	10.588	237	30	17	1524
stitched__kmr-x-afrini_reg	170764	RAQUO	»	1788	10.471	10	552	0	1226
stitched__knl-x-kenyilu_reg	165288	DQUOTE_STRAIGHT	"	3765	22.778	1872	65	0	1828
stitched__knl-x-kenyilu_reg	165288	APOS_STRAIGHT	'	906	5.481	324	40	285	257
stitched__knx-x-bajare_reg	168678	DQUOTE_STRAIGHT	"	3270	19.386	1177	124	5	1964
stitched__knx-x-bajare_reg	168678	APOS_STRAIGHT	'	15707	93.118	45	7808	7803	51
stitched__lmn-x-anjara_reg	171622	DQUOTE_STRAIGHT	"	96	0.559	30	4	2	60
stitched__lmn-x-anjara_reg	171622	APOS_STRAIGHT	'	101	0.589	31	0	0	70
stitched__lmn-x-anjara_reg	171622	LSQUO	‘	354	2.063	353	0	0	1
stitched__lmn-x-anjara_reg	171622	RSQUO	’	358	2.086	1	55	0	302
stitched__lmn-x-anjara_reg	171622	LDQUO	“	833	4.854	811	0	0	22
stitched__lmn-x-anjara_reg	171622	RDQUO	”	773	4.504	1	96	0	676
stitched__mhi-x-burolo_reg	181124	DQUOTE_STRAIGHT	"	1460	8.061	445	54	0	961
stitched__mhi-x-burolo_reg	181124	APOS_STRAIGHT	'	10103	55.779	3905	196	5882	120
stitched__mhi-x-burolo_reg	181124	LSQUO	‘	3554	19.622	3509	0	14	31
stitched__mhi-x-burolo_reg	181124	RSQUO	’	8122	44.842	48	110	7931	33
stitched__mhi-x-burolo_reg	181124	LDQUO	“	660	3.644	496	0	0	164
stitched__mhi-x-burolo_reg	181124	RDQUO	”	487	2.689	14	114	3	356
stitched__mhi-x-burolo_reg	181124	BACKTICK	`	4	0.022	1	0	2	1
stitched__mji-x-daoaodai_reg	227192	DQUOTE_STRAIGHT	"	305	1.342	148	2	0	155
stitched__mji-x-daoaodai_reg	227192	APOS_STRAIGHT	'	22	0.097	5	3	0	14
stitched__mji-x-daoaodai_reg	227192	LSQUO	‘	8	0.035	8	0	0	0
stitched__mji-x-daoaodai_reg	227192	RSQUO	’	86	0.379	0	68	0	18
stitched__mji-x-daoaodai_reg	227192	LDQUO	“	2166	9.534	2129	1	0	36
stitched__mji-x-daoaodai_reg	227192	RDQUO	”	3312	14.578	8	26	0	3278
stitched__mji-x-daoaodai_reg	227192	BACKTICK	`	3	0.013	1	1	0	1
stitched__nar_reg	168329	DQUOTE_STRAIGHT	"	1059	6.291	532	194	2	331
stitched__nar_reg	168329	APOS_STRAIGHT	'	1258	7.473	152	79	824	203
stitched__nar_reg	168329	BACKTICK	`	6	0.036	3	0	0	3
stitched__ndc-x-chiducua_reg	108767	DQUOTE_STRAIGHT	"	166	1.526	61	71	0	34
stitched__ndc-x-chiducua_reg	108767	APOS_STRAIGHT	'	1118	10.279	70	325	252	471
stitched__ndc-x-chiducua_reg	108767	LSQUO	‘	362	3.328	361	0	0	1
stitched__ndc-x-chiducua_reg	108767	RSQUO	’	234	2.151	1	53	0	180
stitched__ndc-x-chiducua_reg	108767	LDQUO	“	1711	15.731	1704	0	0	7
stitched__ndc-x-chiducua_reg	108767	RDQUO	”	1245	11.446	6	197	0	1042
stitched__ndc-x-chiducua_reg	108767	BACKTICK	`	4	0.037	0	3	1	0
stitched__nfd_reg	163592	DQUOTE_STRAIGHT	"	2570	15.710	979	202	19	1370
stitched__nfd_reg	163592	APOS_STRAIGHT	'	1179	7.207	193	43	500	443
stitched__rmn-BG-horohane_reg	151216	DQUOTE_STRAIGHT	"	559	3.697	76	217	0	266
stitched__rmn-BG-horohane_reg	151216	APOS_STRAIGHT	'	26	0.172	3	4	0	19
stitched__scg-x-mayau_reg	179772	DQUOTE_STRAIGHT	"	3147	17.506	1311	46	19	1771
stitched__scg-x-mayau_reg	179772	APOS_STRAIGHT	'	352	1.958	23	7	183	139
stitched__scg-x-mayau_reg	179772	BACKTICK	`	19	0.106	0	1	18	0
stitched__tel-x-gusavu_reg	128733	DQUOTE_STRAIGHT	"	15	0.117	6	2	0	7
stitched__tel-x-gusavu_reg	128733	APOS_STRAIGHT	'	172	1.336	47	14	0	111
stitched__tel-x-gusavu_reg	128733	DIGRAPH_CLOSE	>>	1	0.008	0	0	0	0
stitched__wbj_reg	137825	DQUOTE_STRAIGHT	"	664	4.818	345	46	1	272
stitched__wbj_reg	137825	APOS_STRAIGHT	'	713	5.173	11	11	45	646
stitched__wci_reg	175960	DQUOTE_STRAIGHT	"	640	3.637	270	123	11	236
stitched__wci_reg	175960	APOS_STRAIGHT	'	99	0.563	10	27	23	39
stitched__wci_reg	175960	LAQUO	«	157	0.892	119	1	12	25
stitched__wci_reg	175960	RAQUO	»	116	0.659	3	40	4	69
stitched__wci_reg	175960	DIGRAPH_OPEN	<<	96	0.546	0	0	0	0
stitched__xem-x-hibun_reg	159088	DQUOTE_STRAIGHT	"	2148	13.502	798	38	5	1307
stitched__xem-x-hibun_reg	159088	APOS_STRAIGHT	'	8762	55.076	916	1718	3792	2336
stitched__xem-x-hibun_reg	159088	LDQUO	“	2	0.013	2	0	0	0
stitched__xem-x-hibun_reg	159088	RDQUO	”	3	0.019	0	0	0	3
stitched__ybj_reg	169310	DQUOTE_STRAIGHT	"	1637	9.669	816	84	2	735
stitched__ybj_reg	169310	APOS_STRAIGHT	'	3389	20.017	470	233	1208	1478
stitched__ybj_reg	169310	BACKTICK	`	2	0.012	0	1	1	0
stitched__yun_reg	188982	DQUOTE_STRAIGHT	"	3192	16.890	1306	239	1	1646
stitched__yun_reg	188982	APOS_STRAIGHT	'	1295	6.853	280	65	470	480
stitched__yun_reg	188982	BACKTICK	`	3	0.016	0	0	0	3
